City,Latitude,Longitude,Max Temp,Humidity,Cloudiness,Wind Speed,Country,Date
cuiluan,47.72,128.648,-27.53,84,0,0.52,CN,1612050579
shingu,33.7333,135.9833,7.0,76,75,6.17,JP,1612050427
hithadhoo,-0.6,73.0833,27.56,79,65,6.73,MV,1612050579
vaini,-21.2,-175.2,29.0,84,75,5.14,TO,1612049830
ayan,56.45,138.1667,-21.9,85,100,3.04,RU,1612050018
tual,-5.6667,132.75,28.69,75,85,6.22,ID,1612050433
barrow,71.2906,-156.7887,-24.0,70,90,4.63,US,1612049829
nuuk,64.1835,-51.7216,-9.0,86,0,1.54,GL,1612050080
cehegin,38.0924,-1.7985,7.22,66,57,3.13,ES,1612050581
okhotsk,59.3833,143.3,-24.08,79,0,7.94,RU,1612050581
locri,38.2414,16.2623,14.44,82,75,2.57,IT,1612050581
encruzilhada,-15.5314,-40.9094,19.26,91,8,2.79,BR,1612050582
hami,42.8,93.45,-6.02,85,0,2.08,CN,1612049982
mushie,-3.0167,16.9,21.26,93,90,0.99,CD,1612050582
rikitea,-23.1203,-134.9692,26.3,71,18,5.24,PF,1612050582
fortuna,40.5982,-124.1573,12.22,76,75,10.8,US,1612050040
marzuq,14.4,46.4667,14.58,53,0,0.35,YE,1612050092
east london,-33.0153,27.9116,20.85,85,3,1.21,ZA,1612050583
khatanga,71.9667,102.5,-43.78,78,32,0.35,RU,1612050583
port alfred,-33.5906,26.891,17.22,92,17,0.81,ZA,1612049827
port elizabeth,-33.918,25.5701,18.0,94,0,2.06,ZA,1612050584
bluff,-46.6,168.3333,13.96,68,100,2.09,NZ,1612050584
carnarvon,-24.8667,113.6333,27.0,94,12,2.57,AU,1612049999
hermanus,-34.4187,19.2345,19.44,84,2,4.27,ZA,1612050585
tiksi,71.6872,128.8694,-33.01,86,100,2.24,RU,1612049826
angoram,-4.0625,144.0661,28.37,75,92,1.43,PG,1612050585
ahipara,-35.1667,173.1667,22.26,48,0,2.52,NZ,1612050585
bambous virieux,-20.3428,57.7575,26.0,89,40,1.54,MU,1612050019
emerald,-23.5333,148.1667,29.0,51,40,4.12,AU,1612050586
hirara,24.8,125.2833,18.0,67,75,3.6,JP,1612050586
hobart,-42.8794,147.3294,21.67,39,20,4.12,AU,1612050536
sobolevo,54.4299,31.8996,-9.3,97,100,2.11,RU,1612050587
alofi,-19.0595,-169.9187,28.0,78,100,5.66,NU,1612050278
chisec,15.8167,-90.2833,20.0,77,75,3.09,GT,1612050587
harlingen,26.1906,-97.6961,27.0,61,1,10.29,US,1612050575
kodiak,57.79,-152.4072,1.0,55,1,10.8,US,1612049965
ushuaia,-54.8,-68.3,11.0,62,20,10.8,AR,1612050588
dzhebariki-khaya,62.2167,135.8,-45.15,75,99,0.26,RU,1612050023
tasiilaq,65.6145,-37.6368,-6.0,35,90,7.72,GL,1612049971
mataura,-46.1927,168.8643,20.71,43,82,1.35,NZ,1612049990
bahia blanca,-38.7196,-62.2724,17.34,47,59,6.31,AR,1612050589
mar del plata,-38.0023,-57.5575,17.0,59,75,8.75,AR,1612050564
nikolskoye,59.7035,30.7861,-3.0,93,75,2.0,RU,1612050590
chuy,-33.6971,-53.4616,23.46,79,59,6.07,UY,1612049821
cherskiy,68.75,161.3,-38.06,83,3,0.36,RU,1612050046
rocha,-34.4833,-54.3333,19.33,91,100,8.14,UY,1612049991
grand gaube,-20.0064,57.6608,24.44,87,6,0.89,MU,1612050243
mahebourg,-20.4081,57.7,26.0,89,40,1.54,MU,1612049993
roma,43.2128,-75.4557,-8.0,73,90,3.09,US,1612050591
butaritari,3.0707,172.7902,27.34,77,61,8.2,KI,1612050591
geraldton,-28.7667,114.6,30.0,28,0,5.66,AU,1612050037
atuona,-9.8,-139.0333,26.29,73,27,7.77,PF,1612050592
doha,25.2867,51.5333,19.0,59,0,4.63,QA,1612050592
paulista,-7.9408,-34.8731,26.0,69,40,4.12,BR,1612050501
acapulco,16.8634,-99.8901,29.0,74,75,1.54,MX,1612050086
narsaq,60.9167,-46.05,4.0,30,75,16.46,GL,1612049831
saint-philippe,-21.3585,55.7679,26.0,65,0,2.06,RE,1612050009
busselton,-33.65,115.3333,21.11,70,0,0.89,AU,1612050593
albany,42.6001,-73.9662,-8.33,58,12,2.68,US,1612050593
sorland,67.667,12.6934,-0.74,92,96,4.13,NO,1612049821
yerbogachen,61.2767,108.0108,-38.08,82,99,2.5,RU,1612050464
avarua,-21.2078,-159.775,27.0,83,75,2.57,CK,1612049970
yellowknife,62.456,-114.3525,-23.33,77,40,2.06,CA,1612049701
zabol,32.25,67.25,3.12,57,0,0.24,AF,1612050594
wanaka,-44.7,169.15,19.95,38,24,2.24,NZ,1612050595
punta arenas,-53.15,-70.9167,12.0,62,0,10.29,CL,1612050399
russell,32.3502,-85.1999,14.0,47,40,3.09,US,1612050595
cape town,-33.9258,18.4232,22.22,77,75,1.54,ZA,1612050516
castro,-24.7911,-50.0119,18.7,98,100,1.77,BR,1612050596
kampong chhnang,12.1667,104.55,20.62,75,20,0.45,KH,1612050596
muros,42.7762,-9.0603,13.33,82,100,2.68,ES,1612050319
awjilah,29.1081,21.2869,15.34,42,0,5.0,LY,1612050597
sisimiut,66.9395,-53.6735,-13.93,91,74,3.4,GL,1612050018
arraial do cabo,-22.9661,-42.0278,25.18,80,39,12.46,BR,1612050597
pohorelice,48.9812,16.5245,0.56,69,40,3.6,CZ,1612050598
port lincoln,-34.7333,135.8667,18.56,67,4,6.34,AU,1612050015
nizhniy tsasuchey,50.5167,115.1333,-26.76,87,100,3.0,RU,1612050598
upernavik,72.7868,-56.1549,-23.05,85,47,2.79,GL,1612050598
quatre cocos,-20.2078,57.7625,26.0,89,40,1.54,MU,1612050070
zaraza,9.3503,-65.3245,24.81,72,88,5.3,VE,1612050599
codrington,-38.2667,141.9667,17.37,60,83,3.26,AU,1612050599
salym,60.0625,71.4789,-17.17,93,100,4.17,RU,1612050599
constitucion,-35.3333,-72.4167,16.0,93,36,3.77,CL,1612050044
havre-saint-pierre,50.2334,-63.5986,-7.0,73,75,4.63,CA,1612050045
sabang,5.8933,95.3214,27.16,77,52,9.5,ID,1612050484
souillac,-20.5167,57.5167,26.0,89,40,1.54,MU,1612049971
umm kaddadah,13.6017,26.6876,16.76,28,0,6.11,SD,1612050600
sitka,57.0531,-135.33,5.0,52,75,5.14,US,1612050015
airai,-8.9266,125.4092,16.81,100,100,2.42,TL,1612050601
le port,-20.9373,55.2919,26.0,73,0,5.14,RE,1612050400
shimoda,34.6667,138.95,6.67,81,20,1.03,JP,1612050067
pangnirtung,66.1451,-65.7125,-23.01,74,0,0.9,CA,1612050602
makat,47.6469,53.3463,-3.55,96,98,4.25,KZ,1612050602
road town,18.4167,-64.6167,25.0,83,40,4.12,VG,1612050602
tselinnoye,53.0833,85.6667,-19.64,92,66,3.03,RU,1612050603
bogashevo,56.3683,85.1447,-30.0,69,0,2.0,RU,1612050603
luderitz,-26.6481,15.1594,18.95,62,0,8.72,,1612049974
port blair,11.6667,92.75,25.74,81,9,3.15,IN,1612050185
huarmey,-10.0681,-78.1522,22.39,74,70,4.44,PE,1612050604
bredasdorp,-34.5322,20.0403,19.44,84,5,2.69,ZA,1612050605
amapa,1.0,-52.0,22.49,98,48,0.91,BR,1612050605
nsanje,-16.92,35.262,23.65,94,100,1.26,MW,1612050605
port augusta,-32.5,137.7667,20.0,64,98,6.17,AU,1612050606
sinnamary,5.3833,-52.95,25.62,86,100,6.85,GF,1612050364
paamiut,61.994,-49.6678,-3.73,89,19,6.97,GL,1612049874
voskresenskoye,56.8381,45.4317,-6.85,97,99,3.91,RU,1612050607
saint-augustin,51.226,-58.6502,-1.79,93,91,7.23,CA,1612050607
charyshskoye,51.3978,83.5598,-9.34,87,10,1.84,RU,1612050607
mkushi,-13.6202,29.3939,17.4,92,97,1.28,ZM,1612050608
norman wells,65.282,-126.8329,-33.0,75,20,1.54,CA,1612050608
la reforma,25.0833,-108.05,28.89,48,20,2.24,MX,1612050608
guerrero negro,27.9769,-114.0611,16.82,59,60,7.1,MX,1612050609
yar-sale,66.8333,70.8333,-28.43,85,100,7.57,RU,1612050029
jamestown,42.097,-79.2353,-8.33,73,1,1.05,US,1612050609
sur,22.5667,59.5289,18.61,52,0,2.06,OM,1612050093
menongue,-14.6585,17.691,17.18,94,100,2.25,AO,1612050609
mujiayingzi,42.1167,118.7833,-10.11,90,57,2.91,CN,1612050610
maceio,-9.6658,-35.7353,25.0,94,40,2.06,BR,1612050214
lake cowichan,48.825,-124.0546,7.0,87,90,4.12,CA,1612050610
fayaoue,-20.65,166.5333,26.46,70,29,7.55,NC,1612050610
beatrice,40.2681,-96.747,1.0,93,90,13.89,US,1612050611
kushmurun,52.4503,64.6311,-10.83,94,100,1.02,KZ,1612050611
campos sales,-7.0744,-40.3761,20.6,85,100,1.21,BR,1612050611
kahului,20.8947,-156.47,26.0,57,40,8.23,US,1612050162
esperance,-33.8667,121.9,17.0,77,0,5.66,AU,1612050612
port hardy,50.6996,-127.4199,7.0,81,75,9.26,CA,1612050472
chokurdakh,70.6333,147.9167,-34.09,85,47,3.67,RU,1612050612
takoradi,4.8845,-1.7554,26.26,88,100,3.05,GH,1612050431
puerto ayora,-0.7393,-90.3518,26.11,89,38,3.13,EC,1612050613
pochutla,15.7432,-96.4661,30.0,58,20,5.14,MX,1612050456
korla,41.7597,86.1469,-7.01,84,0,2.15,CN,1612050435
cam ranh,11.9214,109.1591,23.0,73,40,2.57,VN,1612050613
provideniya,64.3833,-173.3,-24.0,83,81,5.53,RU,1612050614
georgetown,5.4112,100.3354,25.0,83,20,3.13,MY,1612050614
newport,51.5877,-2.9984,4.44,90,89,1.34,GB,1612050614
inirida,3.8653,-67.9239,26.91,70,94,1.43,CO,1612050614
aransas pass,27.9095,-97.15,23.0,78,1,7.72,US,1612050615
new norfolk,-42.7826,147.0587,21.67,32,16,1.79,AU,1612050615
selma,36.5708,-119.6121,15.0,47,1,1.05,US,1612050615
laguna,38.421,-121.4238,15.56,47,75,3.6,US,1612050035
puerto ayacucho,5.6639,-67.6236,28.9,54,62,3.69,VE,1612050052
halifax,44.6453,-63.5724,-7.22,79,100,1.34,CA,1612050310
victoria,22.2855,114.1577,16.67,64,0,0.45,HK,1612049819
craigieburn,-37.6,144.95,19.0,48,75,6.17,AU,1612050617
la rioja,42.25,-2.5,3.89,84,32,0.89,ES,1612050568
jasper,37.2001,-94.3502,12.0,82,90,4.12,US,1612050617
tuktoyaktuk,69.4541,-133.0374,-37.0,67,40,1.03,CA,1612050617
cidreira,-30.1811,-50.2056,24.01,90,86,1.88,BR,1612050618
alice springs,-23.7,133.8833,30.0,23,35,6.69,AU,1612050618
totolapan,18.5167,-96.1833,27.0,69,40,2.06,MX,1612050618
hilo,19.7297,-155.09,27.0,57,1,3.09,US,1612050598
nalut,30.3333,10.85,13.39,35,0,3.9,LY,1612050083
nanortalik,60.1432,-45.2371,-1.29,90,100,4.68,GL,1612050032
severnoye,56.3491,78.3619,-24.78,86,99,4.1,RU,1612050037
anicuns,-16.4611,-49.9617,21.38,86,52,0.18,BR,1612050619
thompson,55.7435,-97.8558,-10.0,92,90,1.03,CA,1612049975
longyearbyen,78.2186,15.6401,-21.0,59,20,8.75,SJ,1612050620
juneau,58.3019,-134.4197,0.0,80,90,2.11,US,1612050620
ndola,-12.9587,28.6366,17.25,96,100,1.08,ZM,1612050620
mackay,-21.15,149.2,29.0,70,40,8.23,AU,1612050620
dunedin,-45.8742,170.5036,16.67,70,31,8.49,NZ,1612050621
hirtshals,57.5881,9.9592,-4.0,100,0,2.57,DK,1612050621
pimenta bueno,-11.6725,-61.1936,24.49,91,80,1.19,BR,1612050621
chute-aux-outardes,49.1168,-68.399,-14.0,61,40,4.12,CA,1612050621
bereda,43.2686,-7.5406,9.44,91,100,5.81,ES,1612050622
ceres,37.5949,-120.9577,15.0,51,1,3.6,US,1612050622
manokwari,-0.8667,134.0833,26.35,81,100,6.11,ID,1612050025
haines junction,60.7522,-137.5108,-18.0,65,100,1.03,CA,1612050038
betioky,-23.7167,44.3833,21.71,90,27,0.88,MG,1612050623
bemidji,47.4736,-94.8803,-2.78,100,90,1.86,US,1612050623
margate,51.3813,1.3862,3.89,79,78,2.24,GB,1612050089
makasar,-5.14,119.4221,24.0,100,40,1.03,ID,1612050623
poum,-20.2333,164.0167,26.72,65,52,4.24,NC,1612050306
darnah,32.767,22.6367,15.59,70,0,3.37,LY,1612050446
lavrentiya,65.5833,-171.0,-26.8,84,0,3.13,RU,1612050624
vaitape,-16.5167,-151.75,27.34,71,77,3.41,PF,1612050625
dikson,73.5069,80.5464,-37.02,80,0,3.24,RU,1612050625
kruisfontein,-34.0033,24.7314,15.56,88,1,0.45,ZA,1612050625
coquimbo,-29.9533,-71.3436,19.0,82,75,4.12,CL,1612050148
outjo,-20.1167,16.15,19.89,67,97,5.11,,1612050626
tanabe,33.7333,135.3667,7.0,76,75,6.17,JP,1612050490
san quintin,30.4833,-115.95,15.71,63,0,5.44,MX,1612050626
lebu,-37.6167,-73.65,14.29,82,1,5.54,CL,1612050626
college,64.8569,-147.8028,-20.0,71,90,0.42,US,1612050094
ilulissat,69.2167,-51.1,-14.0,66,90,3.09,GL,1612049986
la ronge,55.1001,-105.2842,-11.0,79,76,1.03,CA,1612050038
te anau,-45.4167,167.7167,17.34,54,83,2.37,NZ,1612050085
kapit,2.0167,112.9333,23.3,94,100,0.56,MY,1612050628
terre haute,39.4667,-87.4139,2.0,80,90,7.2,US,1612050557
kanevskaya,46.0849,38.9596,2.94,87,83,4.27,RU,1612050628
vagur,61.4732,-6.8119,2.07,84,88,9.86,FO,1612050275
coihaique,-45.5752,-72.0662,22.0,30,0,3.6,CL,1612050430
marsaxlokk,35.8419,14.5431,15.0,94,0,2.57,MT,1612050629
pisco,-13.7,-76.2167,23.0,68,0,8.23,PE,1612049878
sandakan,5.8402,118.1179,27.0,83,40,5.14,MY,1612050445
olafsvik,64.8945,-23.7142,-4.94,90,8,7.52,IS,1612049816
curuguaty,-24.4694,-55.6945,25.02,91,21,3.01,PY,1612050630
klaksvik,62.2266,-6.589,0.0,80,40,9.26,FO,1612050035
tura,25.5198,90.2201,9.84,49,0,1.35,IN,1612049994
pacific grove,36.6177,-121.9166,14.0,58,90,4.63,US,1612049886
santa cruz,-17.8,-63.1667,24.92,79,68,6.91,BO,1612050428
mitsamiouli,-11.3847,43.2844,27.65,78,100,4.46,KM,1612050632
sao joao da barra,-21.6403,-41.0511,25.58,79,9,9.5,BR,1612050632
timberlake,37.3207,-79.2575,2.0,51,1,1.54,US,1612050632
linxia,35.6003,103.2064,-5.97,82,72,0.65,CN,1612050633
harper,4.375,-7.7169,26.05,87,39,3.92,LR,1612050251
nantucket,41.2835,-70.0995,-7.0,49,1,4.63,US,1612050403
iroquois falls,48.7669,-80.6831,-15.0,78,20,2.06,CA,1612050633
san ignacio,17.1561,-89.0714,25.0,73,0,2.06,BZ,1612050046
petropavlovsk-kamchatskiy,53.0452,158.6483,-6.0,63,100,1.0,RU,1612049874
paka,4.6374,103.4368,24.0,94,40,3.56,MY,1612050634
qaanaaq,77.484,-69.3632,-20.97,73,94,1.52,GL,1612050634
molteno,-31.3968,26.3625,14.4,88,23,1.58,ZA,1612050635
resplendor,-19.3256,-41.2553,22.79,74,36,1.5,BR,1612050635
dieppe,49.75,1.1667,6.11,100,90,6.17,FR,1612050635
gold coast,-28.0,153.4333,27.78,69,75,3.6,AU,1612050248
semirom,31.4167,51.5667,-5.9,94,29,2.21,IR,1612050636
ambilobe,-13.2,49.05,22.73,93,2,1.08,MG,1612050386
saskylakh,71.9167,114.0833,-36.84,82,100,4.75,RU,1612050045
ossora,59.2353,163.0719,-17.83,90,99,11.77,RU,1612050636
aasiaat,68.7098,-52.8699,-18.04,89,92,2.94,GL,1612050075
svetlogorsk,52.6333,29.7333,-5.08,98,100,2.68,BY,1612050054
ola,59.5833,151.2833,-26.19,81,74,7.14,RU,1612050637
ekhabi,53.5102,142.9671,-20.7,90,100,7.96,RU,1612050637
marystown,47.1666,-55.1483,-1.02,94,100,4.76,CA,1612050504
oeiras do para,-2.0031,-49.8544,24.53,92,37,1.41,BR,1612050638
deputatskiy,69.3,139.9,-32.29,88,94,0.7,RU,1612050205
henderson,36.0397,-114.9819,13.0,38,1,3.6,US,1612050622
merauke,-8.4667,140.3333,27.97,81,100,5.38,ID,1612050639
xingcheng,40.6167,120.7167,-8.5,91,100,1.89,CN,1612050388
bethel,41.3712,-73.414,-5.56,45,1,2.33,US,1612050639
raga,8.4596,25.678,19.54,24,1,2.24,SS,1612050640
san patricio,28.017,-97.5169,27.0,65,1,6.17,US,1612050640
marinette,45.1,-87.6307,-1.0,80,90,5.14,US,1612050640
severo-kurilsk,50.6789,156.125,-3.84,95,97,12.69,RU,1612050640
aripuana,-9.1667,-60.6333,24.01,98,94,0.45,BR,1612050369
okha,53.5739,142.9478,-20.6,90,100,8.01,RU,1612050641
mount gambier,-37.8333,140.7667,17.0,72,75,4.12,AU,1612050381
prince rupert,54.3161,-130.3201,7.0,49,1,1.54,CA,1612050239
channel-port aux basques,47.5702,-59.1367,-2.76,94,96,6.18,CA,1612050190
puerto el triunfo,13.2833,-88.55,34.0,36,20,3.09,SV,1612050642
kabinda,-6.1333,24.4833,19.93,95,100,0.82,CD,1612050642
ribeira grande,38.5167,-28.7,17.32,91,63,9.59,PT,1612050642
los llanos de aridane,28.6585,-17.9182,18.0,77,90,6.17,ES,1612049769
kapaa,22.0752,-159.319,24.0,73,75,7.72,US,1612050357
touros,-5.1989,-35.4608,26.0,83,0,2.57,BR,1612050303
yulara,-25.2406,130.9889,29.0,28,49,7.72,AU,1612050643
kaitangata,-46.2817,169.8464,16.11,81,72,7.15,NZ,1612049839
kaeo,-35.1,173.7833,23.33,51,0,6.26,NZ,1612049874
lasa,46.6166,10.7002,3.89,100,90,1.25,IT,1612050110
salalah,17.0151,54.0924,20.0,64,0,2.57,OM,1612049977
talnakh,69.4865,88.3972,-35.09,71,0,2.95,RU,1612050430
synya,65.3718,58.0387,-19.69,91,100,2.79,RU,1612050645
viedma,-40.8135,-62.9967,17.78,48,81,5.52,AR,1612050023
vardo,70.3705,31.1107,-3.95,95,100,8.36,NO,1612050314
george,-33.963,22.4617,18.0,82,75,1.54,ZA,1612050646
mehamn,71.0357,27.8492,-3.86,96,100,9.85,NO,1612049873
eldorado,-23.7869,-54.2836,23.19,93,93,4.48,BR,1612050646
anchorage,61.2181,-149.9003,-5.0,79,1,1.17,US,1612050368
virden,39.5009,-89.7679,2.78,95,100,5.36,US,1612050647
pedernales,18.0384,-71.744,24.8,67,38,0.82,DO,1612050647
oranjemund,-28.55,16.4333,16.0,90,0,3.19,,1612050050
fairbanks,64.8378,-147.7164,-19.44,71,90,1.54,US,1612049964
bulawayo,-20.15,28.5833,18.91,94,100,3.43,ZW,1612050648
vila velha,-20.3297,-40.2925,26.0,78,0,5.66,BR,1612050510
lagoa,39.05,-27.9833,16.59,93,77,12.35,PT,1612050648
vestmannaeyjar,63.4427,-20.2734,-0.51,94,88,4.01,IS,1612050308
negombo,7.2083,79.8358,24.0,94,20,0.51,LK,1612050649
morros,-9.4467,-46.3003,25.87,64,77,1.25,BR,1612050649
katsuura,35.1333,140.3,6.67,48,20,2.57,JP,1612050439
leningradskiy,69.3833,178.4167,-32.75,81,0,1.57,RU,1612050014
torbay,47.6666,-52.7314,-1.67,93,90,4.63,CA,1612050650
mantua,45.1667,10.7833,6.67,93,90,2.06,IT,1612050650
dingle,10.9995,122.6711,24.3,84,95,5.66,PH,1612050579
sitio novo do tocantins,-5.5183,-47.4611,22.89,95,100,1.79,BR,1612050651
san ramon,37.7799,-121.978,16.11,47,1,4.12,US,1612050651
pastrana,11.1367,124.8856,24.75,82,94,3.57,PH,1612050651
salmo,49.1999,-117.2689,2.78,93,100,1.03,CA,1612050651
amga,60.8953,131.9608,-37.94,81,100,0.52,RU,1612050652
faanui,-16.4833,-151.75,27.34,71,78,3.4,PF,1612050357
yining,29.0361,114.5636,8.33,78,84,0.51,CN,1612050652
marienburg,54.0359,19.0266,-3.0,80,75,5.14,PL,1612050652
nanakuli,21.3906,-158.1547,27.0,53,75,2.57,US,1612050653
sundsvall,62.3913,17.3063,-11.67,79,20,5.14,SE,1612050653
high level,58.5169,-117.136,-16.0,78,1,1.54,CA,1612050653
marathon,44.9,-89.7668,-1.67,74,90,7.72,US,1612050654
shestakovo,56.4915,103.96,-40.98,77,51,0.66,RU,1612050384
baykit,61.67,96.37,-36.95,76,5,0.86,RU,1612050654
fare,-16.7,-151.0167,27.55,69,50,2.43,PF,1612050055
palencia,42.4167,-4.5,5.0,78,36,4.02,ES,1612050655
grindavik,63.8424,-22.4338,-6.0,73,0,2.06,IS,1612050655
neiafu,-18.65,-173.9833,28.0,83,75,5.14,TO,1612050419
inhambane,-23.865,35.3833,25.72,82,5,2.84,MZ,1612050500
asfi,32.2994,-9.2372,14.95,87,63,3.6,MA,1612050656
mogadishu,2.0371,45.3438,23.82,83,0,7.61,SO,1612050656
vila franca do campo,37.7167,-25.4333,17.0,94,75,6.69,PT,1612050513
caohai,26.8661,104.2841,3.81,96,99,1.56,CN,1612050656
waingapu,-9.6567,120.2641,26.34,79,100,6.85,ID,1612050657
tonj,7.2737,28.6822,21.8,22,22,2.74,SS,1612050657
san juan bautista,-14.0108,-75.7358,23.0,68,0,8.23,PE,1612050657
morro bay,35.3658,-120.8499,14.44,77,9,0.89,US,1612050658
kenai,60.5544,-151.2583,-8.0,93,1,2.06,US,1612050658
wukari,7.85,9.7833,23.77,20,0,1.61,NG,1612050658
voznesenye,61.0106,35.4781,-7.41,97,31,2.32,RU,1612050658
mahina,-17.5065,-149.489,30.0,62,75,5.66,PF,1612050659
balkanabat,39.5108,54.3671,8.9,67,96,1.68,TM,1612050659
hasaki,35.7333,140.8333,3.0,52,20,2.06,JP,1612050659
matara,5.9485,80.5353,24.77,85,99,1.88,LK,1612050429
ha giang,22.8333,104.9833,16.04,84,98,1.44,VN,1612050660
saint george,37.1041,-113.5841,9.0,49,1,0.83,US,1612050660
tromso,69.6496,18.957,-6.11,79,100,1.54,NO,1612050066
khoy,38.5504,44.9535,-1.53,80,32,2.17,IR,1612050661
plettenberg bay,-34.0527,23.3716,18.42,77,3,2.09,ZA,1612050661
williams lake,52.1415,-122.1445,2.22,74,75,8.75,CA,1612050073
tunduma,-9.3,32.7667,14.65,99,92,0.74,TZ,1612050662
betare oya,5.6,14.0833,19.04,34,36,0.04,CM,1612050662
pontal do parana,-25.6533,-48.5128,20.0,99,99,2.97,BR,1612050662
kopavogur,64.1123,-21.913,-6.0,63,0,4.63,IS,1612050663
alaca,40.1683,34.8425,2.43,91,100,1.94,TR,1612050663
kununurra,-15.7667,128.7333,28.0,94,75,3.6,AU,1612050407
ancud,-41.8697,-73.8203,17.0,55,0,3.09,CL,1612050236
bathsheba,13.2167,-59.5167,26.0,73,20,8.23,BB,1612050664
kondinskoye,59.6481,67.41,-9.94,96,100,4.46,RU,1612050664
saint anthony,45.0205,-93.218,0.56,74,90,4.12,US,1612050541
vao,-22.6667,167.4833,24.17,80,83,10.35,NC,1612050665
iqaluit,63.7506,-68.5145,-22.78,77,1,8.75,CA,1612050665
kidal,18.4411,1.4078,18.23,24,1,4.04,ML,1612050665
fort-shevchenko,44.5086,50.263,1.98,85,96,6.2,KZ,1612050666
bucerias,20.75,-105.3333,24.0,73,1,5.66,MX,1612050666
hirosaki,40.5931,140.4725,-4.44,86,75,5.66,JP,1612050666
daru,-9.0763,143.2092,25.66,86,100,6.32,PG,1612050667
dwarka,22.2394,68.9678,18.3,47,0,4.76,IN,1612050667
bandarbeyla,9.4942,50.8122,23.13,73,37,6.82,SO,1612050085
iwaki,37.05,140.8833,6.11,63,17,1.79,JP,1612050667
bowen,-20.0167,148.2333,27.0,78,75,6.17,AU,1612050668
nioro,13.35,-15.75,24.53,16,33,3.07,GM,1612050278
burhaniye,39.5004,26.9727,8.0,76,0,2.06,TR,1612050661
yaan,7.3833,8.5667,25.18,18,1,0.78,NG,1612050669
altamira,-3.2033,-52.2064,22.98,95,50,1.42,BR,1612050669
kuloy,61.0305,42.4925,-8.46,96,92,3.55,RU,1612050669
anamur,36.0751,32.8369,11.0,100,40,2.06,TR,1612050669
noyabrsk,63.1994,75.4507,-28.9,85,100,9.17,RU,1612050670
corigliano calabro,39.595,16.5177,13.33,59,98,0.45,IT,1612050670
port hawkesbury,45.6169,-61.3485,-3.33,80,90,5.66,CA,1612050670
nurota,40.5614,65.6886,8.0,53,99,4.12,UZ,1612050671
husavik,66.0449,-17.3389,-10.0,79,90,2.06,IS,1612050671
rio gallegos,-51.6226,-69.2181,18.0,29,0,7.72,AR,1612050672
valparaiso,-33.0393,-71.6273,18.89,100,90,3.6,CL,1612050672
seoul,37.5683,126.9778,-4.0,80,0,2.57,KR,1612050553
kuching,1.55,110.3333,24.0,94,40,1.03,MY,1612050672
punto fijo,11.6956,-70.1996,25.18,78,0,11.34,VE,1612050673
tuatapere,-46.1333,167.6833,18.7,47,93,0.59,NZ,1612050673
beringovskiy,63.05,179.3167,-13.55,95,100,12.43,RU,1612050673
marawi,7.9986,124.2928,25.0,87,89,2.68,PH,1612050674
zaozerne,45.1582,33.2787,8.33,75,100,1.34,UA,1612050674
mildura,-34.2,142.15,22.22,60,0,4.63,AU,1612050674
labuhan,-6.8844,112.2051,26.15,84,81,3.0,ID,1612050675
pangody,65.85,74.4859,-29.17,85,100,8.56,RU,1612050466
beyneu,45.3167,55.2,1.22,92,100,4.72,KZ,1612050675
charters towers,-20.1,146.2667,27.84,60,75,4.88,AU,1612050676
ayagoz,47.9714,80.4392,-9.21,88,79,6.59,KZ,1612050089
great yarmouth,52.6083,1.7305,3.89,75,69,4.63,GB,1612050569
roald,62.5833,6.1333,-0.56,100,20,2.57,NO,1612050382
dongsheng,39.8161,109.9776,-6.25,76,0,7.81,CN,1612050677
bensonville,6.4461,-10.6125,25.0,94,75,1.8,LR,1612050677
caxambu,-21.9772,-44.9325,20.06,85,84,1.07,BR,1612050677
bambanglipuro,-7.95,110.2833,25.35,82,99,1.54,ID,1612050678
leh,34.1667,77.5833,-17.22,57,6,0.59,IN,1612050255
hofn,64.2539,-15.2082,-6.57,85,72,8.79,IS,1612049877
rafai,4.95,23.9167,20.13,35,40,1.6,CF,1612050678
flinders,-34.5833,150.8552,22.22,89,88,1.79,AU,1612050679
pevek,69.7008,170.3133,-36.05,84,3,1.56,RU,1612050679
dajal,29.5577,70.3762,11.6,34,0,3.71,PK,1612050679
tres lagoas,-20.7511,-51.6783,24.99,79,90,1.01,BR,1612050679
gat,31.61,34.7642,12.78,58,0,1.79,IL,1612050679
sarab,38.6066,44.9883,-1.41,80,24,1.82,IR,1612050680
teguldet,57.3064,88.1667,-33.66,84,0,2.09,RU,1612050680
byron bay,-28.65,153.6167,25.0,88,75,1.03,AU,1612050680
hambantota,6.1241,81.1185,25.15,80,100,6.35,LK,1612050212
sargodha,32.0836,72.6711,8.86,47,0,2.15,PK,1612050681
altos,-5.0381,-42.46,25.0,83,90,1.54,BR,1612050681
thaba-tseka,-29.522,28.6084,11.55,62,0,0.78,LS,1612050681
cabo san lucas,22.8909,-109.9124,25.0,73,40,5.14,MX,1612050082
ntcheu,-14.8203,34.6359,18.5,98,100,1.58,MW,1612050682
bengkulu,-3.8004,102.2655,23.91,94,98,4.02,ID,1612050682
makakilo city,21.3469,-158.0858,27.0,53,75,2.57,US,1612050682
tapes,-30.6733,-51.3958,25.08,88,74,4.84,BR,1612050682
omboue,-1.5746,9.2618,24.16,89,100,1.47,GA,1612050682
vostok,46.4856,135.8833,-27.68,87,60,1.87,RU,1612050683
chalmette,29.9427,-89.9634,21.0,64,90,4.12,US,1612050683
kemi,65.8596,24.8228,-10.0,85,75,3.09,FI,1612050299
natal,-5.795,-35.2094,27.0,78,20,4.63,BR,1612050684
abu zabad,12.35,29.25,17.33,25,2,4.98,SD,1612050684
lompoc,34.6391,-120.4579,15.0,58,1,1.54,US,1612050468
cayenne,4.9333,-52.3333,27.0,89,75,4.12,GF,1612050420
taquaritinga do norte,-7.9031,-36.0442,20.84,86,81,3.63,BR,1612050685
pafos,34.7667,32.4167,17.0,77,75,11.32,CY,1612050648
novyy urengoy,66.0833,76.6333,-30.92,84,100,7.51,RU,1612050555
lethem,3.3803,-59.7968,27.14,67,7,5.15,GY,1612050685
surt,31.2089,16.5887,18.32,41,0,5.45,LY,1612050686
padang,-0.9492,100.3543,24.69,77,100,2.01,ID,1612050423
ust-ishim,57.6935,71.1665,-12.77,94,100,4.93,RU,1612050686
lahaina,20.8783,-156.6825,26.0,57,40,8.23,US,1612050372
bosaso,11.2842,49.1816,22.19,74,28,2.37,SO,1612050687
donskoye,45.4552,41.9741,1.0,100,90,9.0,RU,1612050687
goyty,43.1642,45.6228,2.0,100,90,6.0,RU,1612050688
celestun,20.8667,-90.4,23.77,65,81,4.06,MX,1612050288
clinton,42.587,-82.9199,-2.22,80,90,4.12,US,1612050688
turukhansk,65.8167,87.9833,-35.76,76,0,2.27,RU,1612050416
boda,4.3189,17.4695,23.13,57,86,1.29,CF,1612050469
banda aceh,5.5577,95.3222,24.65,79,56,5.96,ID,1612050449
bonavista,48.6499,-53.1147,-1.67,93,98,3.09,CA,1612050689
kupang,-10.1667,123.5833,27.0,89,75,7.2,ID,1612050383
carutapera,-1.195,-46.02,26.09,83,94,3.42,BR,1612050690
khani,41.9563,42.9566,6.0,75,0,4.63,GE,1612050690
qaqortoq,60.7167,-46.0333,4.0,30,75,16.46,GL,1612050690
manono,-7.3,27.4167,21.14,91,92,1.05,CD,1612050691
barguzin,53.6167,109.6167,-26.8,81,96,0.9,RU,1612050691
isangel,-19.55,169.2667,28.0,69,40,4.12,VU,1612050691
barra,-11.0894,-43.1417,25.97,58,12,0.31,BR,1612050691
henties bay,-22.116,14.2845,19.44,86,27,1.79,,1612050692
lorengau,-2.0226,147.2712,28.66,78,99,5.06,PG,1612050692
mecca,21.4267,39.8261,19.2,43,0,2.44,SA,1612050469
ketchikan,55.3422,-131.6461,3.0,87,90,1.54,US,1612050693
bol,13.4586,14.7147,22.11,35,0,8.9,TD,1612050693
kologriv,58.8275,44.3178,-6.74,96,99,4.25,RU,1612050693
gursarai,25.6148,79.1788,7.88,54,0,1.05,IN,1612050693
guarapari,-20.6667,-40.4975,26.0,78,0,5.66,BR,1612050626
yuma,32.7253,-114.6244,18.33,34,1,4.12,US,1612050694
labytnangi,66.6572,66.4183,-28.17,87,100,2.74,RU,1612050694
marsh harbour,26.5412,-77.0636,19.11,62,87,5.44,BS,1612050694
isiro,2.7739,27.616,17.23,50,32,0.38,CD,1612050694
kiunga,-6.1219,141.2906,24.49,96,99,1.4,PG,1612050410
kavieng,-2.5744,150.7967,28.5,73,99,6.58,PG,1612050695
winnemucca,40.973,-117.7357,6.0,42,1,4.63,US,1612050695
vila do maio,15.1333,-23.2167,22.0,68,0,7.72,CV,1612050695
kamaishi,39.2667,141.8833,-3.0,74,75,2.57,JP,1612050696
lufilufi,-13.8745,-171.5986,29.0,84,90,5.14,WS,1612050696
loukhi,66.0764,33.0381,-11.7,96,100,2.54,RU,1612050297
brae,60.3964,-1.353,2.0,87,75,2.57,GB,1612050408
namatanai,-3.6667,152.4333,28.9,68,100,5.75,PG,1612050697
kulhudhuffushi,6.6221,73.07,27.6,66,4,2.92,MV,1612050697
moree,-29.4667,149.85,28.0,47,0,4.63,AU,1612050697
taoudenni,22.6783,-3.9836,19.7,24,0,4.12,ML,1612050415
kovur,14.4833,79.9833,20.41,88,78,1.25,IN,1612050698
accra,5.556,-0.1969,28.0,89,20,4.12,GH,1612050698
ngunguru,-35.6167,174.5,23.33,51,0,5.36,NZ,1612050308
port-gentil,-0.7193,8.7815,25.0,88,90,6.17,GA,1612050277
varzea da palma,-17.5981,-44.7308,23.75,68,56,1.23,BR,1612050699
atambua,-9.1061,124.8925,23.66,94,100,3.78,ID,1612050684
rorvik,64.8621,11.2373,-1.94,95,89,4.84,NO,1612050699
magistralnyy,56.1725,107.4458,-40.82,77,61,0.63,RU,1612050700
kamskiye polyany,55.4307,51.4171,-2.0,86,75,5.0,RU,1612050700
la seyne-sur-mer,43.0982,5.8847,11.11,78,98,5.81,FR,1612050545
galesburg,40.9478,-90.3712,2.22,100,90,5.14,US,1612050669
praia da vitoria,38.7333,-27.0667,18.0,88,75,7.98,PT,1612050701
dargaville,-35.9333,173.8833,22.69,43,0,2.98,NZ,1612050701
dahra,36.2546,0.8519,15.0,77,40,8.23,DZ,1612050701
imbituba,-28.24,-48.6703,26.0,89,0,2.57,BR,1612050701
waitara,-38.925,174.25,18.89,49,0,1.79,NZ,1612050701
jinchang,38.4953,102.1739,-5.6,64,0,1.84,CN,1612050368
sabha,27.0377,14.4283,13.82,38,0,3.35,LY,1612050389
mao,39.8885,4.2658,9.0,93,20,3.6,ES,1612050702
nouadhibou,20.931,-17.0347,20.0,64,0,8.23,MR,1612050702
pecos,31.4229,-103.4932,20.0,8,1,7.2,US,1612050356
hellvik,59.9156,5.781,-0.56,89,35,0.45,NO,1612050703
podgorenskiy,50.405,39.6429,2.19,86,100,6.43,RU,1612050703
meulaboh,4.1363,96.1285,23.68,85,80,1.74,ID,1612050703
villa bruzual,9.3328,-69.1208,26.86,47,15,0.6,VE,1612050704
sao filipe,14.8961,-24.4956,22.99,63,96,5.08,CV,1612050704
salinopolis,-0.6136,-47.3561,26.33,86,100,4.66,BR,1612050704
hovd,48.0056,91.6419,-13.86,83,82,0.31,MN,1612050705
lichuan,30.3,108.85,3.73,94,100,0.65,CN,1612050488
ambon,-3.6954,128.1814,30.0,70,20,2.57,ID,1612050705
penzance,50.1186,-5.5371,6.67,93,90,4.12,GB,1612050706
benghazi,32.1167,20.0667,16.65,81,0,3.57,LY,1612050706
clyde river,70.4692,-68.5914,-25.0,84,75,2.06,CA,1612050706
mozarlandia,-14.7447,-50.5706,24.84,77,90,0.35,BR,1612050706
matam,15.6175,-13.3303,24.0,27,0,1.03,SN,1612050707
wagar,16.1525,36.2032,16.3,90,0,3.14,SD,1612050707
sakakah,29.9697,40.2064,5.0,56,0,2.57,SA,1612050707
nadym,65.5333,72.5167,-28.12,85,100,9.1,RU,1612050707
rockland,41.1668,-74.0496,-1.67,55,0,3.57,US,1612050708
lengshuijiang,27.6881,111.4294,9.25,83,91,0.36,CN,1612050708
broome,42.2506,-75.833,-9.0,73,1,3.6,US,1612050708
polunochnoye,60.8697,60.4153,-25.08,90,100,1.35,RU,1612050708
sanchursk,56.9413,47.2499,-9.11,97,75,3.82,RU,1612050709
baoding,38.8511,115.4903,-6.16,90,57,2.11,CN,1612050709
richards bay,-28.783,32.0377,22.85,93,96,1.27,ZA,1612050709
bethanien,-26.502,17.1583,23.83,24,0,2.55,,1612050709
shelburne,44.0787,-80.2041,-10.56,100,1,1.03,CA,1612050710
vanderhoof,54.0166,-124.0198,-5.98,97,100,0.43,CA,1612050710
axim,4.8699,-2.2405,26.23,88,96,3.04,GH,1612050412
paita,-5.0892,-81.1144,26.0,73,75,4.12,PE,1612050478
hervey bay,-25.2986,152.8535,27.78,67,12,4.92,AU,1612050398
trinidad,-14.8333,-64.9,24.84,91,72,1.78,BO,1612050647
beloha,-25.1667,45.05,23.86,80,2,1.62,MG,1612050245
tevaitoa,-16.7833,-151.5,27.42,69,59,3.07,PF,1612050711
jumla,29.2747,82.1838,-1.31,57,0,1.67,NP,1612050246
vanersborg,58.3807,12.3234,-9.0,92,0,1.54,SE,1612050712
vanavara,60.34,102.2797,-41.08,79,21,1.15,RU,1612050712
sarkand,45.41,79.9186,-2.86,66,69,2.15,KZ,1612050713
tymovskoye,50.8456,142.655,-20.55,88,100,1.34,RU,1612050713
kirkwall,58.9848,-2.9587,0.0,86,40,2.57,GB,1612050713
yaring,6.8662,101.3689,23.63,86,27,4.54,TH,1612050713
alekseyevsk,57.8406,108.3492,-38.44,79,82,0.87,RU,1612050714
shakiso,5.75,38.9167,10.87,44,31,1.91,ET,1612050714
moron,-34.6534,-58.6198,17.78,89,100,1.79,AR,1612050507
churapcha,62.0025,132.4325,-40.39,80,100,1.17,RU,1612050714
fuyang,32.9,115.8167,6.34,67,11,2.11,CN,1612050714
nizhnevartovsk,60.9344,76.5531,-29.0,69,40,8.0,RU,1612050096
wamba,8.9333,8.6,23.13,20,0,1.83,NG,1612050715
adrar,20.5022,-10.0711,18.96,24,40,3.4,MR,1612050715
oxilithos,38.5833,24.1167,11.67,57,19,3.76,GR,1612050715
verkhnetulomskiy,68.6073,31.7962,-11.0,92,75,2.0,RU,1612050315
la victoria,10.2184,-67.3302,27.0,78,40,2.27,VE,1612050716
port hedland,-20.3167,118.5667,29.0,74,86,2.57,AU,1612050716
manzanillo,20.3433,-77.1167,21.79,70,1,6.85,CU,1612050716
aklavik,68.2191,-135.0107,-27.0,76,75,2.06,CA,1612050717
ponferrada,42.5466,-6.5962,8.33,98,100,4.81,ES,1612050717
hualmay,-11.0964,-77.6139,22.28,74,72,4.57,PE,1612050717
yumen,40.2833,97.2,-5.85,75,0,11.09,CN,1612050717
nanticoke,41.2054,-76.0049,-5.56,69,2,1.32,US,1612050718
oudtshoorn,-33.5907,22.2014,18.0,82,75,1.54,ZA,1612050718
klyavlino,54.2649,52.0267,-2.58,99,99,4.66,RU,1612050718
lieto,60.5103,22.4618,-9.44,85,100,1.03,FI,1612050718
hereford,52.0568,-2.7148,1.67,84,64,4.47,GB,1612050663
baruun-urt,46.6806,113.2792,-16.8,94,100,0.97,MN,1612050499
katherine,-14.4667,132.2667,28.0,78,40,5.14,AU,1612050426
anadyr,64.75,177.4833,-21.0,71,20,13.0,RU,1612050719
gunnedah,-30.9833,150.25,28.0,51,40,2.06,AU,1612050720
norwich,52.6278,1.2983,2.22,75,61,4.63,GB,1612050517
palmerston,-12.486,130.9833,26.67,89,75,5.66,AU,1612050720
mindelo,16.8901,-24.9804,22.0,73,75,10.8,CV,1612050721
namibe,-15.1961,12.1522,22.83,76,71,3.29,AO,1612050721
biryusinsk,55.9634,97.8235,-39.95,80,41,1.18,RU,1612050722
garowe,8.4054,48.4845,17.15,85,0,3.75,SO,1612050400
kutum,14.2,24.6667,11.37,38,0,1.85,SD,1612050722
zeya,53.75,127.2667,-35.11,82,99,0.77,RU,1612050490
evinayong,1.4368,10.5512,20.35,97,100,1.6,GQ,1612050723
kuala kedah,6.1,100.3,23.0,88,20,1.54,MY,1612050723
svetlaya,46.5389,138.3297,-17.04,81,94,4.38,RU,1612050457
zwedru,6.0667,-8.1281,23.0,95,74,0.96,LR,1612050724
kokopo,-4.352,152.2633,27.79,75,100,5.67,PG,1612050549
